"nucleus","E7","H15","D18","E35","D52","D101","D119","Cterm"
2,,,,0.13,,,,
3,,,,,,,,
4,,,,,,,,
5,,,,,,,,
6,,-0.08,,,,,,
7,,,,,,,,
8,,,,,,,,
9,,,,,,,,
10,,,,,,,,
11,,,,,,,,
12,,,,,,,,
13,,,,,,,,0.15
14,,,,,,,,
15,,,,,,,,
16,,,,,,,,
17,,,,,,,,
18,,,,,,,,
19,,,,,,,,
20,,,,,,,,
21,,,,,,,,
22,,,,,,,,
23,,0.07,,,,,,
24,,,,,,,,
25,,,,,,,,
"*",,,,,,,,
26,,,">-1.2;<-0.7",,,,,
"*",,,,,,,,
27,,,">-0.4;<-0.15",,,,,
"*",,,,,,,,
28,,,">0.1;<0.2",,,,,
29,,,,-0.32,,,,
30,,,,,,,,
31,,,,0.14,,,0.11,
32,,,,,,,,
33,,,,,,,,
34,,,,,,,,
35,,,,,,,,
36,,,,,,,,
37,,,,,,,,
38,,,,,,,,
39,,,,,,,,
40,,,,,,,,
41,,,,,,,,
42,,,,,,,,
43,,,,,,,,
44,,,,,,,,
45,,,,,,,,
46,,,,,,,,
47,,,,0.17,,,,
48,,,,,,,,
49,,,,,,,,
50,,,,,0.31,,,
51,,,,,,,,
52,,,,,,,,
53,,,,,-0.62,,,
54,,,,,,,,
55,,,,-0.05,0.08,,,
56,,,,,,,,
57,,,,,,,,
58,,,,,,,,
59,,,,,,,,
60,,,,-0.05,0.05,,,
61,,,,,-0.19,,,
62,,,,,0.52,,,
63,,,,0.1,,,,
64,,,,,,,,
65,,,,,,,,
66,,,,-0.09,0.18,,,
67,,,,,,,,
68,,,,,-0.18,,,
69,,,,,0.38,,,
70,,,,,,,,
71,,,,,-0.12,,,
72,,,,,-0.29,,,
73,,,,0.12,-0.19,,,
74,,,,-0.14,0.21,,,
75,,,,,,,,
76,,,,,,-0.1,,
77,,,,,,,,
78,,,,,,,,
79,,,,,,,,
80,,,,,,0.09,,
81,,,,,,,,
82,,,,,,,,
83,,,,,,,,
84,,,,,,,,
85,,,,,,,,
86,,,,,,,,
87,,,,,,,,
88,,,,,,,,
89,,-0.24,,,,,,
90,,,,,,,,
91,,,,,,,,
92,,-0.3,,,,-0.31,,
93,,-0.33,,,,,,
94,,,,,,,,
95,,,,,,,,
96,,,,,,,,
97,,,,,,,,
98,,,,,,,,
99,,,,0.46,,,,
100,,,,,,,,
101,,,,,,,,
102,,,,-0.23,,,,
103,,,,,,,,
104,,,,,,,,
105,,,,,,,,
106,,,,,,,,
107,,,,,,,,
108,,,,,,,,
109,,,,,,,,
110,,,,,,,,
111,,,,,,,,
112,,,,,,,,
113,,,,,,,,
114,,,,,0.12,,,
115,,,,,,,,
"*",,,,,,,,
116,,,,,,,">-0.3;<-0.1",
117,,,,,,,,
118,,,,,,,0.21,
119,,,,,,,,
120,,,,,,,,
121,,,,,,,,
122,,,,,,,,
123,,,,,,,,
124,,,,,,,,
125,,,-0.06,,,,,
126,,,,,,,,
127,,,,,,,,
128,,,,,,,,
129,,,,,,,,
